{
    "train": {
        "box_loss": 0.96173,
        "cls_loss": 0.74609,
        "dfl_loss": 1.13624
    },
    "metrics": {
        "precision(B)": 0.6671617149726622,
        "recall(B)": 0.49449556683957047,
        "mAP50(B)": 0.5446744736365855,
        "mAP50-95(B)": 0.348332753567461
    },
    "val": {
        "box_loss": 0.97543,
        "cls_loss": 0.68472,
        "dfl_loss": 1.12784
    },
    "lr": {
        "pg0": 6.366500000000001e-05,
        "pg1": 6.366500000000001e-05,
        "pg2": 6.366500000000001e-05
    },
    "model": {
        "parameters": 20066115,
        "GFLOPs": 68.257,
        "speed_PyTorch(ms)": 3.217
    },
    "step": 7
}
