{
    "train": {
        "box_loss": 1.09806,
        "cls_loss": 0.92228,
        "dfl_loss": 1.21255
    },
    "metrics": {
        "precision(B)": 0.61075,
        "recall(B)": 0.43906,
        "mAP50(B)": 0.44354,
        "mAP50-95(B)": 0.27235
    },
    "val": {
        "box_loss": 1.12238,
        "cls_loss": 0.89848,
        "dfl_loss": 1.21681
    },
    "lr": {
        "pg0": 0.00029928500000000005,
        "pg1": 0.00029928500000000005,
        "pg2": 0.00029928500000000005
    },
    "model": {
        "parameters": 20066115,
        "GFLOPs": 68.257,
        "speed_PyTorch(ms)": 25.343
    },
    "step": 3
}
