step	box_loss
0	1.14636
1	1.18537
2	1.18728
3	1.15925
4	1.11079
5	1.06149
6	1.00501
7	0.96173
