step	box_loss
0	1.11352
1	1.11768
2	1.10902
3	1.09806
