step	cls_loss
0	1.44608
1	0.97913
2	0.95226
3	0.92228
