step	cls_loss
0	1.48338
1	1.12071
2	1.09852
3	1.04864
4	0.95811
5	0.88904
6	0.80171
7	0.74609
