step	dfl_loss
0	1.23413
1	1.22047
2	1.22003
3	1.21255
