step	dfl_loss
0	1.27316
1	1.27555
2	1.27286
3	1.26329
4	1.23348
5	1.20185
6	1.16307
7	1.13624
