step	mAP50(B)
0	0.37077
1	0.3466
2	0.3751
3	0.41314
4	0.46038
5	0.50011
6	0.5133
7	0.54146
