step	mAP50-95(B)
0	0.22539
1	0.20345
2	0.21592
3	0.24759
4	0.27936
5	0.3084
6	0.32458
7	0.34329
