step	mAP50(B)
0	0.36249
1	0.40748
2	0.39004
3	0.44354
