step	mAP50-95(B)
0	0.21767
1	0.24968
2	0.23581
3	0.27235
