step	precision(B)
0	0.51703
1	0.68086
2	0.63252
3	0.61075
