step	precision(B)
0	0.70309
1	0.58611
2	0.49773
3	0.44077
4	0.60135
5	0.6634
6	0.5521
7	0.66496
