step	recall(B)
0	0.36119
1	0.36675
2	0.36043
3	0.43906
