step	recall(B)
0	0.34414
1	0.32909
2	0.36751
3	0.42542
4	0.43523
5	0.4606
6	0.51077
7	0.50241
