step	pg0
0	0.00015788505747126437
1	0.0002773784482758621
2	0.0003576018390804597
3	0.00029928500000000005
