step	pg0
0	0.00015810798122065727
1	0.0002775737852112676
2	0.00035776958920187796
3	0.00029928500000000005
4	0.00024038000000000003
5	0.000181475
6	0.00012257000000000001
7	6.366500000000001e-05
